{"region": ["eu-north-1", "eu-north-1", "eu-north-1", "eu-north-1", "us-west-1", "us-west-1", "us-west-1", "us-west-1", "ap-south-1", "ap-south-1", "ap-south-1", "ap-south-1"], "size_mb": [1, 10, 100, 500, 1, 10, 100, 500, 1, 10, 100, 500], "upload_time": [0.8747904300689697, 2.0690853595733643, 12.530674934387207, 74.95887041091919, 2.480829954147339, 3.5825254917144775, 14.647054433822632, 59.82570695877075, 2.266810417175293, 3.5008544921875, 14.164808511734009, 53.676363468170166], "download_time": [0.6096360683441162, 1.1588447093963623, 6.930710077285767, 34.830689430236816, 2.0755388736724854, 2.9711034297943115, 9.737186431884766, 42.10058379173279, 1.795762538909912, 2.5054068565368652, 7.326171398162842, 31.899248600006104]}